name,contact_info,membership_type_id,account_status
Jamie Thomas,jamie0@example.com,1,Active
Casey Thomas,casey1@example.com,2,Active
Jordan Wilson,jordan2@example.com,1,Active
Riley Wilson,riley3@example.com,2,Active
Casey Brown,casey4@example.com,2,Active
Taylor Smith,taylor5@example.com,1,Active
Alex Taylor,alex6@example.com,1,Overdue
Sydney Davis,sydney7@example.com,3,Active
Taylor Thomas,taylor8@example.com,1,Active
Alex Johnson,alex9@example.com,1,Overdue
Riley Brown,riley10@example.com,3,Active
Avery Smith,avery11@example.com,1,Active
Jamie Davis,jamie12@example.com,2,Active
Casey Brown,casey13@example.com,1,Active
Avery Wilson,avery14@example.com,1,Active
Jamie Smith,jamie15@example.com,1,Active
Morgan Taylor,morgan16@example.com,3,Active
Casey Wilson,casey17@example.com,1,Active
Avery Thomas,avery18@example.com,3,Active
Taylor Smith,taylor19@example.com,2,Active
Jamie Moore,jamie20@example.com,2,Suspended
Devon Wilson,devon21@example.com,2,Active
Jamie Moore,jamie22@example.com,3,Active
Casey Brown,casey23@example.com,3,Active
Jordan Wilson,jordan24@example.com,2,Active
Morgan Thomas,morgan25@example.com,2,Active
Taylor Taylor,taylor26@example.com,1,Active
Devon Brown,devon27@example.com,3,Active
Devon Moore,devon28@example.com,3,Active
Morgan Moore,morgan29@example.com,3,Active
Sydney Taylor,sydney30@example.com,2,Active
Jordan Anderson,jordan31@example.com,2,Suspended
Devon Taylor,devon32@example.com,1,Active
Alex Smith,alex33@example.com,3,Active
Alex Smith,alex34@example.com,3,Active
Jordan Davis,jordan35@example.com,3,Active
Casey Moore,casey36@example.com,1,Active
Alex Wilson,alex37@example.com,3,Active
Casey Moore,casey38@example.com,1,Active
Avery Miller,avery39@example.com,3,Active
Devon Smith,devon40@example.com,2,Active
Jamie Taylor,jamie41@example.com,3,Active
Sydney Wilson,sydney42@example.com,2,Active
Casey Thomas,casey43@example.com,2,Suspended
Alex Moore,alex44@example.com,1,Overdue
Devon Brown,devon45@example.com,1,Active
Morgan Moore,morgan46@example.com,3,Active
Devon Moore,devon47@example.com,2,Suspended
Morgan Brown,morgan48@example.com,2,Active
Jamie Smith,jamie49@example.com,3,Active
